Id,Category
0,GlobalOffensive
1,leagueoflegends
2,trees
3,leagueoflegends
4,nfl
5,AskReddit
6,trees
7,AskReddit
8,hockey
9,AskReddit
10,soccer
11,leagueoflegends
12,soccer
13,trees
14,AskReddit
15,nfl
16,AskReddit
17,conspiracy
18,trees
19,leagueoflegends
20,leagueoflegends
21,AskReddit
22,GlobalOffensive
23,trees
24,nfl
25,conspiracy
26,AskReddit
27,GlobalOffensive
28,leagueoflegends
29,hockey
30,AskReddit
31,nfl
32,conspiracy
33,leagueoflegends
34,AskReddit
35,GlobalOffensive
36,leagueoflegends
37,trees
38,trees
39,leagueoflegends
40,leagueoflegends
41,AskReddit
42,trees
43,AskReddit
44,AskReddit
45,nfl
46,nfl
47,leagueoflegends
48,trees
49,funny
50,leagueoflegends
51,trees
52,leagueoflegends
53,nfl
54,nfl
55,AskReddit
56,GlobalOffensive
57,leagueoflegends
58,GlobalOffensive
59,trees
60,leagueoflegends
61,leagueoflegends
62,AskReddit
63,AskReddit
64,GlobalOffensive
65,leagueoflegends
66,trees
67,leagueoflegends
68,nfl
69,Music
70,nfl
71,AskReddit
72,trees
73,GlobalOffensive
74,nfl
75,leagueoflegends
76,trees
77,GlobalOffensive
78,GlobalOffensive
79,soccer
80,AskReddit
81,trees
82,AskReddit
83,AskReddit
84,soccer
85,trees
86,GlobalOffensive
87,leagueoflegends
88,AskReddit
89,nfl
90,trees
91,AskReddit
92,GlobalOffensive
93,leagueoflegends
94,leagueoflegends
95,nfl
96,conspiracy
97,AskReddit
98,leagueoflegends
99,leagueoflegends
100,trees
101,trees
102,trees
103,leagueoflegends
104,Music
105,nfl
106,AskReddit
107,leagueoflegends
108,leagueoflegends
109,GlobalOffensive
110,trees
111,leagueoflegends
112,hockey
113,AskReddit
114,AskReddit
115,trees
116,leagueoflegends
117,hockey
118,trees
119,leagueoflegends
120,AskReddit
121,leagueoflegends
122,trees
123,GlobalOffensive
124,GlobalOffensive
125,AskReddit
126,GlobalOffensive
127,leagueoflegends
128,AskReddit
129,GlobalOffensive
130,trees
131,AskReddit
132,leagueoflegends
133,AskReddit
134,AskReddit
135,GlobalOffensive
136,conspiracy
137,trees
138,nfl
139,AskReddit
140,trees
141,nfl
142,AskReddit
143,trees
144,GlobalOffensive
145,nfl
146,trees
147,AskReddit
148,conspiracy
149,trees
150,nfl
151,AskReddit
152,leagueoflegends
153,trees
154,trees
155,funny
156,trees
157,leagueoflegends
158,AskReddit
159,soccer
160,leagueoflegends
161,trees
162,leagueoflegends
163,AskReddit
